{
  "bad_case_terminal": 162784.1485741558,
  "generator": "stationary_bootstrap",
  "horizon_years": 37,
  "median_terminal": 216337.20891824467,
  "n_paths": 2000,
  "p_success": 0.0,
  "percentile_paths": {
    "p25": [
      13097.359319532146,
      18649.345685249085,
      24318.998134275567,
      29969.850563540764,
      35258.765237148196,
      40904.31105204063,
      46315.57626972082,
      51610.62407474234,
      56822.90375468742,
      62121.85442351794,
      67123.85223626363,
      72600.91628735223,
      77648.33724023838,
      82824.344336141,
      87666.64381565938,
      92994.66420199997,
      97539.65918824,
      102697.55106334784,
      107301.51024308804,
      112353.40316853969,
      117397.42139229251,
      121979.98332751873,
      126861.2304486022,
      132261.38699346187,
      137178.1018226226,
      141995.65786152767,
      146705.15838250023,
      151280.0036698405,
      156063.4326815665,
      160653.6397821579,
      166354.72103139863,
      169528.74126720574,
      175107.3652688007,
      179215.4565178915,
      183848.23885989882,
      187255.7747423517,
      192788.92696153442
    ],
    "p5": [
      12336.233809755231,
      17541.418284418432,
      22626.675692052104,
      27807.524435371382,
      32802.41508346217,
      37585.64421407652,
      42387.49720883682,
      47062.35432275108,
      51695.19130364723,
      56127.773455294635,
      60667.329344591424,
      64847.43839202326,
      69283.73685060516,
      73174.10324974009,
      77928.77221762988,
      82442.13612632394,
      86234.62196625918,
      90912.40613410798,
      95660.59110735482,
      99860.99831740087,
      103176.21634563796,
      107704.00039088818,
      111483.09116025333,
      114850.77480567437,
      118826.36780286956,
      122931.16715450682,
      126147.24651682534,
      130106.1334573934,
      134865.74905078957,
      137751.83853964283,
      142172.34738296666,
      145957.35309323954,
      148813.34864981796,
      152928.50569470864,
      156063.15110368148,
      159657.70804310555,
      162784.1485741558
    ],
    "p50": [
      13501.404544213043,
      19411.148404631953,
      25435.45259772576,
      31431.619630678233,
      37296.33514319804,
      43172.237957931175,
      49021.59425462823,
      54886.03309501447,
      60787.376586701415,
      66381.71727297896,
      72277.25234580657,
      77887.3660163222,
      84031.94830269963,
      89991.06615557693,
      95531.95871044704,
      101231.04802221889,
      106581.46206337592,
      111892.07318618591,
      117920.07132537733,
      123014.71517300545,
      128698.63233864075,
      134409.4980894294,
      140430.2980452557,
      146279.04399770038,
      151515.91985953643,
      156356.29973624312,
      162381.76588012162,
      168122.63965201777,
      173351.955902869,
      179511.06813901756,
      184722.10981862032,
      190368.96377397736,
      195606.94950301814,
      200482.88039679546,
      206384.57651181956,
      212061.54657597642,
      216337.20891824467
    ],
    "p75": [
      13878.348469440376,
      20212.39365400201,
      26555.63417051785,
      32875.05921760277,
      39145.61104864348,
      45678.83983260932,
      52057.06687601628,
      58332.12561266248,
      64698.83066902461,
      71140.81642424932,
      77468.46051276567,
      83697.67879364186,
      90580.62250253168,
      97094.72047441106,
      103333.95002168087,
      109942.43031953191,
      115957.5660665591,
      123410.30467424639,
      129752.4737517726,
      135477.32023653472,
      142607.8593088528,
      148420.77907707507,
      154514.55730442895,
      161126.90758072474,
      167093.1316629137,
      173964.5195049459,
      180383.68893520528,
      186585.414813858,
      192960.19659102385,
      199782.15182749656,
      207071.7942983281,
      213090.1195863858,
      219556.32610360565,
      226614.08949638382,
      233443.25460102962,
      240846.0974053447,
      245964.89581078282
    ],
    "p95": [
      14436.808666738598,
      21262.018498427864,
      28098.652279086124,
      34871.87404126549,
      42105.52587051001,
      49263.58668773183,
      56537.4315662645,
      63935.87429615642,
      71336.90154984902,
      78622.36037421967,
      86104.5809880144,
      93824.55461388735,
      101316.93744676659,
      108393.42397097741,
      116209.98304504421,
      124517.1706177625,
      132691.3686669858,
      140782.30891803454,
      149336.92218835372,
      156436.67766047537,
      163985.86450290444,
      172359.52593086782,
      179305.65361346878,
      185747.99589611098,
      193547.03195623576,
      202375.75416475214,
      209535.71158383306,
      220628.81603871676,
      228204.87066673886,
      236579.34904454855,
      246623.04773623965,
      254043.0036805562,
      264611.73180908844,
      272964.6777926321,
      280007.86380962,
      288925.4870254426,
      297156.7774004701
    ]
  }
}
