{
  "action": "trade",
  "drifts": {
    "bonds": {
      "current": 0.19294117647058823,
      "drift_pp": 16.89411764705882,
      "target": 0.02400000000000002
    },
    "gold": {
      "current": 0.0811764705882353,
      "drift_pp": -30.961467761870942,
      "target": 0.3907911482069447
    },
    "intl_equity": {
      "current": 0.17294117647058824,
      "drift_pp": -1.862642883095439,
      "target": 0.19156760530154263
    },
    "reits": {
      "current": 0.11058823529411765,
      "drift_pp": -7.186371902696045,
      "target": 0.1824519543210781
    },
    "tips": {
      "current": 0.18588235294117647,
      "drift_pp": 17.988235294117647,
      "target": 0.006000000000000005
    },
    "us_equity": {
      "current": 0.20941176470588235,
      "drift_pp": 0.42224725354478854,
      "target": 0.20518929217043447
    }
  },
  "steer": null,
  "trades": [
    {
      "shares": 51.70034225268503,
      "side": "buy",
      "ticker": "VNQ"
    },
    {
      "shares": 68.75451339492182,
      "side": "buy",
      "ticker": "GLD"
    },
    {
      "shares": 74.49400105412123,
      "side": "sell",
      "ticker": "BND"
    },
    {
      "shares": 67.62931175564631,
      "side": "sell",
      "ticker": "TIP"
    }
  ]
}
